Ticker,Weight,Sector,Score,Price
DAL,0.011604813900578988,Industrials,0.9624937825451668,93.66000366210938
EIX,0.011453206430059773,Utilities,0.9499195828197525,74.44999694824219
BIIB,0.0112827403090226,Healthcare,0.9357812620299049,216.05999755859375
CFG,0.01119359386799083,Financial Services,0.928387529052866,70.06999969482422
KLAC,0.011139760881646059,Technology,0.9239226651527137,301.7099914550781
JNJ,0.011116526687358803,Healthcare,0.9219956400633399,253.97000122070312
GD,0.011114719049132981,Industrials,0.9218457160259231,354.239990234375
FRT,0.011054907954786303,Real Estate,0.9168850327328435,123.44000244140625
CMI,0.01103773389809824,Industrials,0.915460630504169,713.2100219726562
INCY,0.010997623751184463,Healthcare,0.9121339276934021,113.36000061035156
FDX,0.010896017916094118,Industrials,0.9037068227537969,313.1300048828125
GS,0.010879645141522357,Financial Services,0.9023488782091156,1011.3699951171875
TGT,0.010798202417121027,Consumer Defensive,0.8955940851946487,130.61000061035156
MS,0.010777155994718424,Financial Services,0.8938485121177453,209.0399932861328
NDSN,0.010720251924775413,Industrials,0.8891289350533572,301.69000244140625
HST,0.010705306654770645,Real Estate,0.8878893865710391,23.709999084472656
USB,0.010701691378318999,Financial Services,0.8875895384962055,60.400001525878906
D,0.010624624197686974,Utilities,0.8811976495066793,68.29000091552734
SPG,0.010577734660654987,Real Estate,0.8773086696189919,223.64999389648438
ROST,0.01057571094796491,Consumer Cyclical,0.8771408245420657,212.85000610351562
GL,0.010559554247857402,Financial Services,0.8758008010368936,178.67999267578125
CSX,0.010423980433049762,Industrials,0.8645564196149931,47.529998779296875
FITB,0.010348556831448983,Financial Services,0.8583008477273394,56.369998931884766
GM,0.010322836761215533,Consumer Cyclical,0.8561676461182137,77.08000183105469
ETR,0.010313325406359269,Utilities,0.855378782118225,114.86000061035156
PNW,0.010197452538984526,Utilities,0.8457683811786368,107.0
IVZ,0.010191392401385333,Financial Services,0.8452657583179375,26.389999389648438
EXPD,0.010188362332585734,Industrials,0.8450144468875878,162.97999572753906
KEY,0.01014353752304247,Financial Services,0.8412967138107125,23.049999237060547
AIZ,0.010095302511040778,Financial Services,0.837296141328434,268.5299987792969
VTR,0.010058889670175932,Real Estate,0.8342760900602726,88.80000305175781
MRK,0.010047231558233661,Healthcare,0.8333091757816996,128.5
ADM,0.009969199036290757,Consumer Defensive,0.8268372221726359,76.4000015258789
NEM,0.009955733286122662,Basic Materials,0.8257203838566461,93.4000015258789
NUE,0.009950217341376872,Basic Materials,0.8252628959065446,222.75
AMAT,0.00994351998085595,Technology,0.8247074222973961,723.0
CAT,0.009931060586797377,Industrials,0.82367405033483,1064.9000244140625
MNST,0.009915366049945987,Consumer Defensive,0.8223723582724837,96.12000274658203
WDC,0.009860895840679491,Technology,0.8178546436238825,638.719970703125
JBHT,0.009785893387536184,Industrials,0.8116340014451685,289.42999267578125
TER,0.009784249808504937,Technology,0.8114976843432959,483.8399963378906
GLW,0.009777347373990797,Technology,0.8109252020647173,255.42999267578125
AAPL,0.009721963838683102,Technology,0.8063317369005437,289.3599853515625
FIX,0.009704994855988257,Industrials,0.8049243433412994,1981.949951171875
RL,0.009680795320390125,Consumer Cyclical,0.8029172536323881,401.4100036621094
STLD,0.009654911190962099,Basic Materials,0.800770445087718,229.4600067138672
EVRG,0.009653185582333563,Utilities,0.8006273245180733,86.43000030517578
WST,0.0096316359818762,Healthcare,0.798840018264458,359.0
LRCX,0.009611554900784471,Technology,0.7971745098070919,433.3299865722656
JCI,0.009601294279081582,Industrials,0.796323502227075,146.11000061035156
MU,0.00957880935164095,Technology,0.7944586207177293,1154.2900390625
PLD,0.009572626169645822,Real Estate,0.7939457926553717,135.47000122070312
MPC,0.009538113997075123,Energy,0.7910833812624783,255.6699981689453
BMY,0.009531550681421171,Healthcare,0.7905390252250674,57.619998931884766
SNDK,0.009521566162837754,Technology,0.7897109174121738,2273.72998046875
KEYS,0.009511931763585559,Technology,0.788911848210527,350.07000732421875
FE,0.009500109592448711,Utilities,0.7879313269964097,47.540000915527344
HAL,0.009490002029469364,Energy,0.787093013981858,33.95000076293945
STX,0.009479771422094085,Technology,0.7862444957656481,965.0
AES,0.009424264842390458,Utilities,0.7816408253998163,14.65999984741211
KIM,0.009419211060900786,Real Estate,0.7812216688925406,25.350000381469727
BK,0.009411753433062206,Financial Services,0.7806031393332851,143.55999755859375
EME,0.009398544772157008,Industrials,0.7795076237906906,829.8800048828125
TRGP,0.009381493759864877,Energy,0.7780934267636742,268.1400146484375
WELL,0.009359440981352751,Real Estate,0.7762643873333471,226.97000122070312
STT,0.009339359900261024,Financial Services,0.7745988788759811,169.60000610351562
CINF,0.009333392792730152,Financial Services,0.7741039718531328,185.13999938964844
EBAY,0.009315499483523075,Consumer Cyclical,0.7726199154082372,111.75
VLO,0.009308802123002155,Energy,0.7720644417990888,260.44000244140625
ROK,0.009300051035463549,Industrials,0.7713386337492074,495.0799865722656
C,0.009243352039513755,Financial Services,0.7666360653542496,139.9600067138672
GE,0.009235320204494163,Industrials,0.7659699115205892,373.7300109863281
SNA,0.009206652095058405,Industrials,0.7635922019488859,402.3999938964844
APH,0.009203663041057452,Technology,0.7633442922524223,176.32000732421875
DVN,0.009119324292723491,Energy,0.756349305379343,41.31999969482422
JBL,0.009076635239795197,Technology,0.7528087102109728,385.4800109863281
PFG,0.009016402996991048,Financial Services,0.7478130972089537,107.77999877929688
DD,0.008957773318419501,Basic Materials,0.742950399574921,135.63999938964844
GOOGL,0.008905203777447152,Communication Services,0.7385903248015879,357.3699951171875
GOOG,0.00889228222013246,Communication Services,0.7375186213961958,353.3299865722656
INTC,0.008871235797729856,Technology,0.7357730483192924,139.6300048828125
FFIV,0.008858407270483487,Technology,0.7347090607517516,415.9599914550781
TPR,0.008788406583560176,Consumer Cyclical,0.7289032609763483,146.3800048828125
HLT,0.008756082182874127,Consumer Cyclical,0.7262223015959253,330.4599914550781
CSCO,0.008738949140984708,Technology,0.7248013011011367,117.45999908447266
VTRS,0.008689532713207887,Healthcare,0.7207027429598114,15.880000114440918
LLY,0.00864795404692847,Healthcare,0.717254242352795,1199.4300537109375
MO,0.008639665122645981,Consumer Defensive,0.7165667657457393,71.94999694824219
TJX,0.008618238566584547,Consumer Cyclical,0.7147896646937821,151.5
MAR,0.00859719214418194,Consumer Cyclical,0.7130440916168785,370.5899963378906
ABBV,0.008590330724466444,Healthcare,0.7124750110721859,251.63999938964844
HUM,0.00858621226996004,Healthcare,0.7121334298206407,397.2200012207031
EXPE,0.0085828840970989,Consumer Cyclical,0.7118573938830095,255.8800048828125
BG,0.008527623606187138,Consumer Defensive,0.7072741339204941,106.7300033569336
KO,0.008283079358518894,Consumer Defensive,0.6869918338375839,81.2699966430664
WSM,0.008260389357085042,Consumer Cyclical,0.6851099436588078,233.10000610351562
AMGN,0.0081987296097139,Healthcare,0.6799959345944255,362.1199951171875
WBD,0.008143294059136524,Communication Services,0.6753981553262868,26.65999984741211
PKG,0.008018330985362991,Consumer Cyclical,0.6650338200956496,238.27999877929688
MRNA,0.007878545685980622,Healthcare,0.6534401415843524,70.02999877929688
WMT,0.007469103277290677,Consumer Defensive,0.6194813227656614,113.26000213623047
EA,0.007366819204479961,Communication Services,0.6109979653437212,205.0399932861328
MTCH,0.006740103167318148,Communication Services,0.5590186493152672,38.04999923706055
BRK-B,0.005325824364045742,Financials,0.44171952098825507,500.3900146484375
BF-B,0.0049739532625481435,Consumer Staples,0.41253561934620797,26.649999618530273
