Date,VALUE,MOM,LOWVOL,QUALITY
2010-01-31,0.0,0.0,0.0,0.0
2010-02-28,0.0,0.0,0.0,0.0
2010-03-31,0.0,0.0,0.0,0.0
2010-04-30,0.0,0.0,0.0,0.0
2010-05-31,0.0,0.0,0.0,0.0
2010-06-30,0.0,0.0,0.0,0.0
2010-07-31,0.0,0.0,0.0,0.0
2010-08-31,0.0,0.0,0.0,0.0
2010-09-30,0.0,0.0,0.0,0.0
2010-10-31,0.0,0.0,0.0,0.0
2010-11-30,0.0,0.0,0.0,0.0
2010-12-31,0.019511113434927094,0.0,0.0,0.0
2011-01-31,0.02555618907234339,0.013467432715586827,-0.00010183240967034985,0.013931898279683212
2011-02-28,0.035582810983288006,0.021382250556989214,0.001780648313679394,0.02315834795435213
2011-03-31,0.040389588199469896,0.01721252676150892,0.008299298599968502,0.020310415614038315
2011-04-30,0.04186902875861844,0.012796681333227868,0.03154392024303255,0.027889775708785924
2011-05-31,0.03252428106796375,0.026899836269820815,0.043603875947002824,0.046151732945118235
2011-06-30,0.04159700951147658,0.026990859834631686,0.057170970445866644,0.05489613309285731
2011-07-31,0.03927463069092288,0.02202574465443441,0.0979931210310097,0.07004712384579793
2011-08-31,0.044638110055630315,0.018275381842254745,0.12834132929376244,0.09013177720241043
2011-09-30,0.04479704945239823,0.005408127657680011,0.0813360650555116,0.06200930142917391
2011-10-31,0.041263284830100284,0.017183259513685965,0.09108462788123249,0.0782660358993091
2011-11-30,0.05760263564599478,0.023100207585568272,0.11468484355963553,0.08922328592095567
2011-12-31,0.04581936396230141,-0.011325860232461732,0.06786349114427548,0.04840154415567416
2012-01-31,0.038243134441490585,-0.02935598266640459,0.05006948754544857,0.027043261503809243
2012-02-29,0.028094362651916487,-0.02555785905232263,0.0516315415551383,0.027220804859381425
2012-03-31,0.031177450288049594,0.0038525523995362417,0.06584507101198236,0.05518239132915901
2012-04-30,0.03341741181853596,0.02762869094573195,0.08168730093351229,0.07435172005346119
2012-05-31,0.029021113187762584,0.009139854423327919,0.07416716502053537,0.05043910400993848
2012-06-30,0.02426507016364222,0.020255579680937916,0.06890224072457289,0.053557414722306795
2012-07-31,0.016840664377670015,0.009049615039140485,-0.002599119868814101,0.01226630206444125
2012-08-31,0.012533566558562194,0.010265497315099474,-0.04490626374391799,-0.009433525725764185
2012-09-30,0.010123695736789414,0.024168304197464543,0.006799749508603704,0.022186514951717223
2012-10-31,0.010339452112818049,0.010674677578497169,-0.019071632524229335,-0.004932792826737521
2012-11-30,0.0037666636761903654,-0.0019093761719822845,-0.07231069659008389,-0.034249499608813044
2012-12-31,0.011982912035163095,0.034229010626302334,-0.04281389559420561,0.0032488701073085766
2013-01-31,0.01321334986853962,0.042711982180473784,-0.00538081463868473,0.021638118170678348
2013-02-28,0.006987324070481899,0.0420621352566287,-0.006829981276352763,0.024018196227891364
2013-03-31,0.009907775488784113,0.012199127530306693,-0.01986801131907832,-0.0015737622408513458
2013-04-30,0.007959298344040406,-0.005041085074868939,-0.09347244005669741,-0.047639531199913994
2013-05-31,0.005271913360915244,-0.010815347858234398,-0.09074589574168891,-0.04882801407215673
2013-06-30,-0.00045954039549550807,-0.0063882665821898095,-0.10666337671395343,-0.04779226989089028
2013-07-31,-0.00114726926049028,0.011250910286661265,-0.0905111729682916,-0.022396887483162164
2013-08-31,-0.011135354279647056,0.03291601667449571,-0.08958822994636872,-0.002513716990750326
2013-09-30,-0.013664742892468511,0.042435593232883095,-0.09562637309104084,0.001004112634441199
2013-10-31,-0.0017928179006054961,0.06526171519590869,-0.08436629151977558,0.028376215162374003
2013-11-30,0.001547154770580336,0.07481082449180358,-0.06381675484768619,0.04719093561336079
2013-12-31,-0.007800373835627578,0.06856777713628277,-0.06286594406665096,0.036656153678316254
2014-01-31,-0.012895588538201858,0.07075374148107284,-0.09401591968761891,0.028616377676515165
2014-02-28,-0.0009958768541628155,0.04505983306303343,-0.08395725109481968,0.00411586427361299
2014-03-31,0.003079748234362932,0.020633794403181555,-0.08103609327170967,-0.02172852331839309
2014-04-30,-0.00975634406922339,0.029014886790244804,-0.051655424557980244,0.006122917685168971
2014-05-31,-0.016027705748838744,0.045595764361480155,-0.07208725674706999,0.014811818127244422
2014-06-30,-0.005271267737962728,0.024882233607248293,-0.06455691516814527,-0.006069937220694703
2014-07-31,-9.647546366690676e-06,0.025060753889540818,-0.05733303331066062,-0.009322953780525153
2014-08-31,0.019633403566395216,0.0039107084406685465,-0.03595084064919634,-0.024088473098658997
2014-09-30,0.02301469009190178,-0.011457402737624363,-0.030370136307758283,-0.03673703579199928
2014-10-31,0.015300864062261693,-0.0246228515626841,-0.022891303978594523,-0.04242869103892094
2014-11-30,0.020043963802066894,-0.030972128247135244,-0.008194413949621728,-0.043159368356169465
2014-12-31,0.02232800134202657,-0.003555541999319886,0.003655721359635237,-0.006847270840831023
2015-01-31,0.021223433513298775,-0.03170860761552205,-0.0015796915237823127,-0.03853544433859787
2015-02-28,0.004239091021709965,0.0025837519246015017,-0.009596117052281946,-0.007367602263150974
2015-03-31,-0.003300294686731308,0.0007740542908811534,-0.0331656778478322,-0.016930634870423348
2015-04-30,0.0002902652777634548,0.01978995574514429,-0.021657801789898467,0.0035253075467399364
2015-05-31,0.010895837471443062,0.02089717600281532,-0.0013626752119817048,0.013165542888377657
2015-06-30,0.0035821215969799314,0.04546565810538039,0.008021833742256856,0.0396200602094051
2015-07-31,-0.002333374425183027,0.0484511743067517,0.011194533331046863,0.0495277318315103
2015-08-31,-0.006905886190973465,0.06863615649732317,0.011605827071739266,0.06936413043104257
2015-09-30,-0.009766677865562541,0.061061680448859595,0.0002641414745923482,0.06091944893861314
2015-10-31,-0.013678729922245905,0.061744688166506405,-0.004354276397484424,0.059294826146389125
2015-11-30,-0.026780160655362262,0.07892212243028883,0.004963693463330209,0.0728503682207771
2015-12-31,-0.020787364013181524,0.056938115211980035,0.03878181517099331,0.056635079313072524
2016-01-31,-0.004293867052044283,0.057922716317708935,0.05709596172608684,0.06680654042682575
2016-02-29,0.004443997152363775,0.021544566411391426,0.042380945894999855,0.027446858768679767
2016-03-31,-0.0010899304210549472,0.02672157508195488,0.046695766529079925,0.03487432291755503
2016-04-30,0.003237660063572141,0.004339200766664229,0.03545728228688416,0.011977098585635887
2016-05-31,0.001416444443736473,0.030523691817506592,0.06069546272040346,0.03363812897818506
2016-06-30,0.0012696490397976835,-0.013494220653943123,0.01824408122265921,-0.014874808200542619
2016-07-31,0.0020486824872576453,-0.046128181693575666,0.002694125101701361,-0.04925753889540721
2016-08-31,-0.0054544423300116026,-0.06541285122507454,-0.029252079508348194,-0.07598566816998556
2016-09-30,0.0026192367587074537,-0.06379728739704404,-0.022202720627770706,-0.06886444986775285
2016-10-31,0.013619707613079167,-0.09058112345454883,-0.040725521160247226,-0.09559575549369842
2016-11-30,0.029774354271182423,-0.10944521070249143,-0.04661378796408925,-0.11430851286737555
2016-12-31,0.015167802074943643,-0.11557516187390147,-0.08639941340954661,-0.1309651840368042
2017-01-31,0.002365696287778388,-0.10124168118383424,-0.0792608823641891,-0.11750108039172123
2017-02-28,-0.001947960358636611,-0.07820348739499436,-0.06447676199971396,-0.08980003217284399
2017-03-31,-0.009026004810009666,-0.04641732079630078,-0.05208493020004413,-0.05146064486204625
2017-04-30,-0.01749540102712444,-0.04525942374685457,-0.03741518695476909,-0.037828388785589445
2017-05-31,-0.0185282703360356,-0.0870298935155727,-0.08669572273073821,-0.09000647537748037
2017-06-30,-0.020972257025286194,-0.052082592839516106,-0.05474083864947179,-0.05123999259804388
2017-07-31,-0.020045829401669477,-0.014188838426675116,-0.029906760646617226,-0.011203575413282749
2017-08-31,-0.013258204532668141,-0.01268556943148514,-0.025965272846990014,-0.016231066410710992
2017-09-30,-0.02417907924222497,0.02426211718826562,-0.020965821453000372,0.018462897680908547
2017-10-31,-0.03200473162112777,0.03267906758548638,0.0001305835738291052,0.02732417766231025
2017-11-30,-0.039641052307126105,0.013715339855095682,-0.029488374470186266,0.003927462254309302
2017-12-31,-0.03319317105885387,0.03961918943829663,-0.033394288564275204,0.0311026085274045
2018-01-31,-0.03516098813951187,0.06699442641471057,-0.049105623178290814,0.05469159551989466
2018-02-28,-0.03196278616483335,0.053406281607818636,-0.052601955330863225,0.03724396529715309
2018-03-31,-0.01697289106333112,0.04289074504738846,-0.06709942084025479,0.02377051573388902
2018-04-30,-0.014490671101023115,0.055090282408113624,-0.08769465458302624,0.019791249677953326
2018-05-31,-0.016860721675841926,0.04371172425314102,-0.07395688999721786,0.017548578700626996
2018-06-30,-0.010512520440648834,0.02145836333833631,-0.06082043809411106,-0.005890913944721452
2018-07-31,-0.010856284775411507,0.039926489883507436,-0.07084849624490983,0.009446981199418772
2018-08-31,-0.02269831454519408,0.04758571205148804,-0.05785942896636645,0.02572462588003903
2018-09-30,-0.015695568599783227,0.0042045880184469935,-0.039912111616525456,-0.01663407125559362
2018-10-31,-0.007457810203407751,0.0025714780914546562,-0.03396883872119725,-0.019188274306706
2018-11-30,-0.022896903844676287,0.03582959011473715,-0.0010676732046402473,0.021613042777312793
2018-12-31,-0.015861981706137663,-0.0012282149462694222,-0.016489356060459977,-0.018227838617171782
2019-01-31,-0.014532465592711978,-0.013825264133083751,-0.010961082658174427,-0.03168918231214473
2019-02-28,-0.021538156850684376,0.014517220079291232,0.0008091214056487906,0.002556697627898008
2019-03-31,-0.017992187559447332,-0.00015908952607924381,-0.00021118244137358078,-0.017237481583204824
2019-04-30,-0.020369219312387808,0.007908274157941668,0.04749624744310499,-8.834021749461647e-05
2019-05-31,-0.017520157469145575,0.007226324739226378,0.01977840719352276,-0.01070792811475398
2019-06-30,-0.021348004012899074,0.01612339874667782,0.003775809755930238,0.0003088458896578882
2019-07-31,-0.029465326808273882,0.023872650755394447,0.04292238018771271,0.013456028598328553
2019-08-31,-0.006220760396905836,-0.01792476173578772,0.03430365518895027,-0.029498888912007668
2019-09-30,-0.0014966106885922158,-0.011867353014868534,-0.005522787645580861,-0.029441147193310188
2019-10-31,-0.0073528242378006715,-0.019268015676300893,-0.04357729758672755,-0.04319676126533306
2019-11-30,0.012563625688597866,-0.040444931401821545,-0.07087198325884418,-0.07024263245827245
2019-12-31,0.0007464143946346221,-0.005235175243800928,-0.012586903449775566,-0.01804904814001901
2020-01-31,-0.00653542646507495,-0.005035196006624119,-0.004866996933274928,-0.013099890991617083
2020-02-29,0.002841386453989951,-0.008787092145131868,0.0021988962934616657,-0.01391108259457636
2020-03-31,-0.010229058839183377,0.0010295686606308363,-0.021555293767656192,-0.005721545603219198
2020-04-30,-0.017111771741807752,-0.017618871111616845,-0.06168935346646237,-0.02387693729259772
2020-05-31,-0.024307849982971586,0.003734234990594567,-0.048876489953481844,0.008483263589763179
2020-06-30,-0.02394943032804513,0.03082830649870764,-0.026817481739682552,0.032706111673729554
2020-07-31,-0.0207351598674327,-0.010345890577975227,-0.07424072489141283,-0.01422759654988757
2020-08-31,-0.034399059290528326,0.0324222716055493,-0.05126862124526379,0.025893479156124357
2020-09-30,-0.030717980338479695,0.035947331985854654,-0.03794466818917556,0.031879177332784676
2020-10-31,-0.03539108933262316,0.022504584888644475,-0.04506004427529231,0.02620467668635046
2020-11-30,-0.03832132785178078,0.017882510243529114,-0.053304184425071434,0.03189465807460234
2020-12-31,-0.01692849869384788,0.0011165241058096675,-0.09542828307988853,0.0030666953410163136
2021-01-31,0.000686903778188736,-0.02334712241472257,-0.1435928292996892,-0.018822403731404366
2021-02-28,0.013901532869991599,-0.05825639680097198,-0.13841480002279938,-0.06665809624356629
2021-03-31,0.015186042569983496,-0.049968958961565425,-0.09919683381235483,-0.04883618457882081
2021-04-30,0.03419560649579765,-0.04496285390927076,-0.09983419681096473,-0.05187476919439474
2021-05-31,0.036185547031903596,-0.055505232143373655,-0.08174213873401137,-0.06416638801550273
2021-06-30,0.03547318040924006,-0.09346893765142301,-0.07591640553288866,-0.07768482021454658
2021-07-31,0.03393226453209907,-0.07498665581258045,-0.06179686911244447,-0.053808011577058945
2021-08-31,0.02950288894571454,-0.083155143772747,-0.09250170979660122,-0.07162439191929056
2021-09-30,0.021211411931707298,-0.059101350265156116,-0.08610088922403912,-0.044784668575627
2021-10-31,0.03369236899491568,-0.03365885549463082,-0.03743965776622091,-0.013880527794765276
2021-11-30,0.0332679183102696,-0.03756193219165956,0.004018706066045511,-0.02044484710148579
2021-12-31,0.028270998182115103,-0.06493171358935339,0.02085075480510073,-0.042262741810565475
2022-01-31,0.019723768315239674,-0.04209727384396852,0.05710056351380532,-0.01849537213611666
2022-02-28,0.007118790955256907,-0.007018989437271507,0.032771424416120694,0.023451708388261956
2022-03-31,0.02002952595581782,-0.00609288075810583,0.05577837253329273,0.02615982248704381
2022-04-30,0.02951246887822669,-0.01888629294151816,0.059637753422844185,0.01468237908369757
2022-05-31,0.02824182427176207,0.002961162822914897,0.07865360844083023,0.038051495278015324
2022-06-30,0.02245496640583174,-0.010294808137674409,0.022524683310440618,-0.00023915914475406327
2022-07-31,0.027261035671354763,0.002932993575509658,0.02372523068071444,0.0090324388845621
2022-08-31,0.030584523362782893,0.01624871422525702,0.057655101394891876,0.03733870718949538
2022-09-30,0.0345421116482433,0.009958542378606302,0.053193424201974794,0.02993430371573284
2022-10-31,0.03758885519898822,-0.0013316451822691783,0.040517841246512525,0.010188362120993347
2022-11-30,0.03926091210768765,0.0371167403105164,0.046084355394934606,0.04560952950748173
2022-12-31,0.032782346299825786,0.019691623812027836,0.003872622668637263,0.02409620311388445
2023-01-31,0.036979290077240684,0.015358947014059427,0.0059257192182268215,0.01875210418932285
2023-02-28,0.027001871045595958,-0.0014035114105071533,0.00756234699562246,0.004858744810647723
2023-03-31,0.01735299784404756,0.0052869916157546005,0.005915810968789442,0.0020592323425742726
2023-04-30,-0.01006600618125487,0.008115233755158954,-0.007551585863504189,0.0044432398386174835
2023-05-31,-0.005156685122014108,0.0010281388330271035,-0.05560248645645354,0.003125806484123795
2023-06-30,0.008764346302307732,0.013488400234419105,-0.04789640431210115,0.017284682651243565
2023-07-31,0.00216388387827045,-0.00011374736625520641,-0.04159001846306447,0.007160414575780749
2023-08-31,0.006097600531159296,-0.01640746394624088,-0.050346306137939556,-0.00672171115574599
2023-09-30,-0.004687490206237916,-0.02591840872050839,-0.023794070707233456,-0.009694187997500433
2023-10-31,-0.021608097405886054,0.006323878388875458,-0.05172716506269779,0.018519128271911666
2023-11-30,-0.017451429477540997,-0.0308765832207739,-0.115228572845402,-0.011695797428981032
2023-12-31,-0.020326133181487856,0.04049977258655677,-0.06358613822851174,0.05767740180175144
2024-01-31,-0.031090934449307616,0.06803010121921539,-0.07101538883563173,0.07954369180852323
2024-02-29,-0.014217333488358885,0.055765953836612696,-0.08735669463447716,0.06282147877988979
2024-03-31,-0.011247318005500669,0.036514671130466046,-0.09690039480842512,0.0527060451188843
2024-04-30,0.0025248550862035043,0.03624242678675576,-0.082194007474008,0.05735830919324792
2024-05-31,-0.005525967177670177,0.040190476583388195,-0.05046623438187076,0.055913489616681765
2024-06-30,-0.0025561896951596962,0.044347345568155366,-0.021066215259040465,0.05823520190528992
2024-07-31,0.0008706167384025833,0.045463049529782466,-0.01618883989812488,0.058493653585366207
2024-08-31,-0.007408433699261117,0.04857236770805506,-0.03778127719223113,0.0511598944530478
2024-09-30,-0.0037597141502638816,0.06249111225549699,-0.06086947716450339,0.05866366133078368
2024-10-31,-0.0011664131342714924,0.06582852089228049,-0.037784328531288734,0.06945849927032963
2024-11-30,-0.018683640396735802,0.07805659327095481,0.0058797738250714535,0.07445313240288685
2024-12-31,-0.019408355572783465,0.06794724789424644,-0.017884906374435967,0.0637834013449698
2025-01-31,-0.010776450053345788,0.03218121421524411,0.020519478922610166,0.032989881602085463
2025-02-28,-0.008750267814536436,0.0263120057170613,0.06279730360015917,0.042653214514419835
2025-03-31,-0.01860254568086627,0.052648296328270915,0.035617091396167186,0.06281452001318291
2025-04-30,-0.028810014296085318,0.05054254175804143,0.012416248756992812,0.05798334631838795
2025-05-31,-0.013539760083949567,0.029045753468007737,-0.022934286036849872,0.04003871206304818
2025-06-30,-0.026283456913422588,0.036766169113677506,-0.04342218318850131,0.05590547872996415
2025-07-31,0.0045918553524776405,0.0017323994910227042,-0.056728122996265305,0.01656580959505574
2025-08-31,0.006355881940684221,0.024792830016298104,-0.04759900818997246,0.04689996589001647
2025-09-30,0.0005962567129179144,0.010134730268561319,-0.06771232500893114,0.03473138754493872
2025-10-31,0.009146128666215536,-0.011370943659464417,-0.04880641698006052,0.013470574958901848
2025-11-30,0.02092265932198102,-0.014226499021837286,-0.06457928683811619,0.00852041426942008
2025-12-31,0.02541894860101225,-0.023294648618328157,-0.04735219534106133,0.002318693811371623
2026-01-31,0.02649342959554384,-0.0112655313298678,-0.06500858711500546,0.02008165295042554
2026-02-28,0.025957944513306807,0.014563790492627413,-0.08929191073563607,0.029700494660339995
2026-03-31,0.03364556121179789,0.02437878767447872,-0.08629278258136476,0.0393500656863501
2026-04-30,0.03191219991429854,0.029075068454458453,-0.08523983482247526,0.04397088445655484
2026-05-31,0.02375697438377798,0.049824386038408254,-0.04284836570069089,0.061760080545017915
2026-06-30,0.03605239592696688,0.030144214562036056,-0.013582315643924342,0.03307880498459472
2026-07-31,0.013761723382515717,0.027322847625204566,-0.030918913669871904,0.03519166830835801
