Date,0
2010-01-31,0.0
2010-02-28,0.0
2010-03-31,0.0
2010-04-30,0.0
2010-05-31,0.0
2010-06-30,0.0
2010-07-31,0.0
2010-08-31,0.0
2010-09-30,0.0
2010-10-31,0.0
2010-11-30,0.0
2010-12-31,0.0
2011-01-31,0.0
2011-02-28,0.06428536078161874
2011-03-31,0.03863995885851006
2011-04-30,0.04038691885996071
2011-05-31,0.0065215125913947744
2011-06-30,-0.004415145728095714
2011-07-31,-0.033941934867744925
2011-08-31,-0.022947248472444122
2011-09-30,-0.06323458342904353
2011-10-31,0.10035655321325689
2011-11-30,0.008750678906296524
2011-12-31,0.017254648956901555
2012-01-31,0.014562194167312532
2012-02-29,0.03077066500195567
2012-03-31,0.02709382549032108
2012-04-30,0.021744349570430806
2012-05-31,-0.033647079110523
2012-06-30,0.034525140460134364
2012-07-31,0.013307017056493295
2012-08-31,0.020040979896508788
2012-09-30,0.024302815920165425
2012-10-31,-0.0019098864708335934
2012-11-30,0.01438526767123024
2012-12-31,0.024244139985404842
2013-01-31,0.08815095896641365
2013-02-28,0.018888757338321075
2013-03-31,0.0613691209840653
2013-04-30,0.035187688457839573
2013-05-31,0.057042694993170134
2013-06-30,-0.013436339825973153
2013-07-31,0.06266424221489388
2013-08-31,-0.015507953592325463
2013-09-30,0.08089881337176165
2013-10-31,0.054989111690286495
2013-11-30,0.032713592754408355
2013-12-31,0.029694113517617724
2014-01-31,-0.0019137795700242546
2014-02-28,0.0733467829342551
2014-03-31,-0.02373587831092337
2014-04-30,-0.02438341095409539
2014-05-31,0.0307478846672095
2014-06-30,0.03332359999947611
2014-07-31,-0.016507747828818992
2014-08-31,0.04843929252182004
2014-09-30,-0.011063430892900492
2014-10-31,0.05095381776075676
2014-11-30,0.044785691373554336
2014-12-31,0.01262995696526292
2015-01-31,-0.021135246757445478
2015-02-28,0.060043541755915614
2015-03-31,-0.008252716564508879
2015-04-30,-0.001385190899028089
2015-05-31,0.05872555660877002
2015-06-30,-0.0037124010743572263
2015-07-31,0.04086033765335093
2015-08-31,-0.052723963455928946
2015-09-30,-0.014137321752611513
2015-10-31,0.05890407907743605
2015-11-30,0.015236539853866929
2015-12-31,-0.016212228791735218
2016-01-31,-0.0279499059103561
2016-02-29,-0.0015276016671128259
2016-03-31,0.06916640372340682
2016-04-30,-0.009594997606683092
2016-05-31,0.027222499210536825
2016-06-30,0.037921339851264425
2016-07-31,0.021063278447868712
2016-08-31,0.0011602586771211505
2016-09-30,0.005448662133759937
2016-10-31,-0.019062666616768354
2016-11-30,0.08076175151318732
2016-12-31,0.027997397070653022
2017-01-31,0.02742072888531036
2017-02-28,0.04746356532087828
2017-03-31,0.003926981393272834
2017-04-30,0.015423059189899455
2017-05-31,0.02338354078822564
2017-06-30,0.01324818056304568
2017-07-31,0.022643180253120336
2017-08-31,0.0036545198734292596
2017-09-30,0.032935910890386805
2017-10-31,0.061467972544906144
2017-11-30,0.047521755839980986
2017-12-31,-0.005001713472994333
2018-01-31,0.0774614219023081
2018-02-28,-0.034260960432989186
2018-03-31,-0.006542229638582407
2018-04-30,0.01047765660793864
2018-05-31,0.04872512674690836
2018-06-30,-0.0036531298479520256
2018-07-31,0.03438325159253833
2018-08-31,0.08491319462023651
2018-09-30,0.006907128110238171
2018-10-31,-0.08613796548378361
2018-11-30,0.020643006238786926
2018-12-31,-0.05862974009692899
2019-01-31,0.05425824914941324
2019-02-28,0.021771690681930477
2019-03-31,0.014367283957604253
2019-04-30,0.020240410057817695
2019-05-31,-0.012986296613592855
2019-06-30,0.035897985666214736
2019-07-31,0.011331216338437783
2019-08-31,0.020810936088207884
2019-09-30,0.008097277813830739
2019-10-31,0.016540741763382157
2019-11-30,0.04768113255199353
2019-12-31,0.038783647928722846
2020-01-31,-0.025747388940953495
2020-02-29,-0.09735555658992036
2020-03-31,-0.11164538341320349
2020-04-30,0.06880281770699188
2020-05-31,0.02169041740460261
2020-06-30,0.007585462100701919
2020-07-31,0.025470946593858058
2020-08-31,0.01610800484608322
2020-09-30,-0.010860506596597796
2020-10-31,-0.010487274688658956
2020-11-30,0.09226088350686941
2020-12-31,0.020517465376139073
2021-01-31,0.0007144515187681384
2021-02-28,0.05870391133693302
2021-03-31,0.04062787902651841
2021-04-30,0.02801673846757901
2021-05-31,0.01585655203520204
2021-06-30,0.0030244324326982033
2021-07-31,0.01110717092408277
2021-08-31,0.022400106253291363
2021-09-30,-0.043517182983919114
2021-10-31,0.06708947577985187
2021-11-30,-0.00798900079547075
2021-12-31,0.08338133525259975
2022-01-31,-0.02763643565376285
2022-02-28,-0.006697817091342265
2022-03-31,0.028993967870659318
2022-04-30,-0.03717177035776606
2022-05-31,0.013585006004180436
2022-06-30,-0.058657757048289974
2022-07-31,0.042613834600917236
2022-08-31,-0.01947112041845593
2022-09-30,-0.049172400724290175
2022-10-31,0.0817160331202618
2022-11-30,0.03043116548025965
2022-12-31,-0.016285178659461857
2023-01-31,0.01730741935487307
2023-02-28,-0.008077911884170884
2023-03-31,0.0034285607217231194
2023-04-30,0.0029523458796488614
2023-05-31,-0.002949338005912052
2023-06-30,0.09261251451582632
2023-07-31,0.030772099987165544
2023-08-31,-0.010102647168159354
2023-09-30,-0.04702881355730488
2023-10-31,-0.0308265302293788
2023-11-30,0.07566222805637386
2023-12-31,0.03987798986529169
2024-01-31,0.013953411941933568
2024-02-29,0.06728317814363426
2024-03-31,0.027729525581928642
2024-04-30,-0.02894631425125082
2024-05-31,0.02849823765287233
2024-06-30,0.004537892439590361
2024-07-31,0.010464566492602113
2024-08-31,0.030021560984402243
2024-09-30,0.030138165779230904
2024-10-31,0.014625719699700102
2024-11-30,0.13208401989443097
2024-12-31,-0.058740464129666624
2025-01-31,0.03846030665469634
2025-02-28,0.005300719750061332
2025-03-31,-0.015912301956664897
2025-04-30,-0.0036501847531187678
2025-05-31,0.0239125047408887
2025-06-30,0.02098731910903812
2025-07-31,0.020982318566832293
2025-08-31,0.02505479434059639
2025-09-30,0.0551851490897254
2025-10-31,-0.010221980869852803
2025-11-30,0.04188608719341691
2025-12-31,0.004378144150792311
2026-01-31,0.03690220569866049
2026-02-28,0.03783437021827555
2026-03-31,-0.06360132067435358
2026-04-30,0.0938247657282798
2026-05-31,0.023288161266991264
2026-06-30,0.03605897716613396
2026-07-31,-0.0038527629218924357
2026-08-31,-0.001110964304923174
